Workbook

Sheet Product List
A1: ID | B1: Product Name | C1: Price Per Unit | E1: Priority | F1: Price
A2: 100 | B2: Blue Ray DVD | C2: 19.96 | E2: Low | F2: 0.5
A3: =100+ROW()-2 -> 101 | B3: Standard Edition DVD | C3: 14.96 | E3: Medium | F3: 2.75
A4: =100+ROW()-2 -> 102 | B4: VHS Tape | C4: 3.99 | E4: High | F4: 5
A5: =100+ROW()-2 -> 103 | B5: 2 Foot USB Cable | C5: 4.42 | E5: VIP | F5: 7.25
A6: =100+ROW()-2 -> 104 | B6: 5 Foot USB Cable | C6: 7.99
A7: =100+ROW()-2 -> 105 | B7: 10 Foot USB Cable | C7: 10.95
A8: =100+ROW()-2 -> 106 | B8: 5 Foot HDMI Cable | C8: 3.99
A9: =100+ROW()-2 -> 107 | B9: 10 Foot HDMI Cable | C9: 7.75
A10: =100+ROW()-2 -> 108 | B10: 16GB Flash Drive | C10: 7.95
A11: =100+ROW()-2 -> 109 | B11: 32GB Flash Drive | C11: 9.99
A12: 200 | B12: 64GB Flash Drive | C12: 15.99
A13: =A12+1 -> 201 | B13: 128GB Flash Drive | C13: 31.99
A14: =A13+1 -> 202 | B14: Wired Mouse | C14: 6.76
A15: =A14+1 -> 203 | B15: Bluetooth Mouse | C15: 19.99
A16: =A15+1 -> 204 | B16: Wired Keyboard | C16: 13.28
A17: =A16+1 -> 205 | B17: Bluetooth Keyboard | C17: 21.99
A18: =A17+1 -> 206 | B18: Wireless Router | C18: 109.99

Sheet Pivot Table
A3: Row Labels | B3: Sum of Price | C3: Sum of Shipping Price | D3: Sum of SUM
A4: 100 | B4: 79.84 | C4: 11 | D4: 90.84
A5: 10029367402 | B5: 19.96 | C5: 5 | D5: 24.96
A6: 10029367403 | B6: 19.96 | C6: 2.75 | D6: 22.71
A7: 10029367406 | B7: 39.92 | C7: 3.25 | D7: 43.17
A8: 101 | B8: 14.96 | C8: 7.25 | D8: 22.21
A9: 10029367403 | B9: 14.96 | C9: 7.25 | D9: 22.21
A10: 102 | B10: 3.99 | C10: 7.25 | D10: 11.24
A11: 10029367406 | B11: 3.99 | C11: 7.25 | D11: 11.24
A12: 103 | B12: 8.84 | C12: 7.75 | D12: 16.59
A13: 10029367406 | B13: 8.84 | C13: 7.75 | D13: 16.59
A14: 105 | B14: 43.8 | C14: 20 | D14: 63.8
A15: 10029367401 | B15: 21.9 | C15: 7.75 | D15: 29.65
... A38: 10029367406 | B38: 219.98 | C38: 12.25 | D38: 232.23
A39: Grand Total | B39: 526.53 | C39: 122 | D39: 648.53

Sheet Data
A1: Order Number | B1: Product ID | C1: Shipping Priority | D1: Price | E1: Shipping Price | F1: SUM
A2: 10029367401 | B2: 106 | C2: Medium | D2: =VLOOKUP(B2,'Product List'!$A$2:$C$18,3,FALSE) -> 3.99 | E2: =VLOOKUP(C2,'Product List'!$E$2:$F$5,2,FALSE) -> 2.75 | F2: =D2+E2 -> 6.74
A3: 10029367403 | B3: 106 | C3: High | D3: =VLOOKUP(B3,'Product List'!$A$2:$C$18,3,FALSE) -> 3.99 | E3: =VLOOKUP(C3,'Product List'!$E$2:$F$5,2,FALSE) -> 5 | F3: =D3+E3 -> 8.99
A4: 10029367403 | B4: 106 | C4: High | D4: =VLOOKUP(B4,'Product List'!$A$2:$C$18,3,FALSE) -> 3.99 | E4: =VLOOKUP(C4,'Product List'!$E$2:$F$5,2,FALSE) -> 5 | F4: =D4+E4 -> 8.99
A5: 10029367404 | B5: 106 | C5: Medium | D5: =VLOOKUP(B5,'Product List'!$A$2:$C$18,3,FALSE) -> 3.99 | E5: =VLOOKUP(C5,'Product List'!$E$2:$F$5,2,FALSE) -> 2.75 | F5: =D5+E5 -> 6.74
A6: 10029367405 | B6: 106 | C6: High | D6: =VLOOKUP(B6,'Product List'!$A$2:$C$18,3,FALSE) -> 3.99 | E6: =VLOOKUP(C6,'Product List'!$E$2:$F$5,2,FALSE) -> 5 | F6: =D6+E6 -> 8.99
A7: 10029367406 | B7: 102 | C7: VIP | D7: =VLOOKUP(B7,'Product List'!$A$2:$C$18,3,FALSE) -> 3.99 | E7: =VLOOKUP(C7,'Product List'!$E$2:$F$5,2,FALSE) -> 7.25 | F7: =D7+E7 -> 11.24
A8: 10029367406 | B8: 103 | C8: Medium | D8: =VLOOKUP(B8,'Product List'!$A$2:$C$18,3,FALSE) -> 4.42 | E8: =VLOOKUP(C8,'Product List'!$E$2:$F$5,2,FALSE) -> 2.75 | F8: =D8+E8 -> 7.17
A9: 10029367406 | B9: 103 | C9: High | D9: =VLOOKUP(B9,'Product List'!$A$2:$C$18,3,FALSE) -> 4.42 | E9: =VLOOKUP(C9,'Product List'!$E$2:$F$5,2,FALSE) -> 5 | F9: =D9+E9 -> 9.42
A10: 10029367403 | B10: 202 | C10: High | D10: =VLOOKUP(B10,'Product List'!$A$2:$C$18,3,FALSE) -> 6.76 | E10: =VLOOKUP(C10,'Product List'!$E$2:$F$5,2,FALSE) -> 5 | F10: =D10+E10 -> 11.76
A11: 10029367404 | B11: 202 | C11: Medium | D11: =VLOOKUP(B11,'Product List'!$A$2:$C$18,3,FALSE) -> 6.76 | E11: =VLOOKUP(C11,'Product List'!$E$2:$F$5,2,FALSE) -> 2.75 | F11: =D11+E11 -> 9.51
A12: 10029367402 | B12: 107 | C12: Medium | D12: =VLOOKUP(B12,'Product List'!$A$2:$C$18,3,FALSE) -> 7.75 | E12: =VLOOKUP(C12,'Product List'!$E$2:$F$5,2,FALSE) -> 2.75 | F12: =D12+E12 -> 10.5
A13: 10029367402 | B13: 108 | C13: VIP | D13: =VLOOKUP(B13,'Product List'!$A$2:$C$18,3,FALSE) -> 7.95 | E13: =VLOOKUP(C13,'Product List'!$E$2:$F$5,2,FALSE) -> 7.25 | F13: =D13+E13 -> 15.2
... A29: 10029367406 | B29: 206 | C29: VIP | D29: =VLOOKUP(B29,'Product List'!$A$2:$C$18,3,FALSE) -> 109.99 | E29: =VLOOKUP(C29,'Product List'!$E$2:$F$5,2,FALSE) -> 7.25 | F29: =D29+E29 -> 117.24
